person_id,departure_time,from_x,from_y,to_x,to_y,simulated_travel_time,validated_travel_time,simulated_distance,validated_distance
200740,20419.0,372810.625,5672390.5,350740.61,5669930.2700000005,1678.0,1948.0,32602.08,32823.0
190651,57152.0,344991.655,5676700.8100000005,373840.165,5684007.405,2103.0,2590.0,37901.77,38769.0
233338,58328.0,344983.0,5699165.94,346609.7,5676324.57,1484.0,1608.0,26953.29000000001,26877.0
171984,38546.0,338352.735,5673173.0600000005,344512.89,5675703.99,832.0,886.0,8269.48,8071.0
33747,39302.0,339709.19999999995,5677057.100000001,340153.905,5678037.710000001,225.0,351.0,1995.4199999999996,2439.0
111866,62982.0,352959.635,5667530.850000001,352084.69,5671556.290000001,540.0,476.0,11033.55,5818.0
86497,51124.0,346054.775,5677516.3950000005,345472.67500000005,5676809.17,270.0,304.0,1632.77,1593.0
221129,38524.0,342671.82,5676196.94,328565.935,5679658.055,900.0,1213.0,21444.48,21900.0
46280,40030.0,346826.865,5679626.62,355407.92500000005,5670641.365,1530.0,1478.0,14269.000000000002,15056.0
27832,42352.0,348389.765,5674865.8950000005,343290.275,5680608.98,1008.0,1151.0,8704.369999999995,9323.0
90501,21626.0,348371.685,5672419.460000001,358756.83,5679880.210000001,1268.0,1275.0,18983.919999999995,23260.0
126719,58637.0,345420.1,5674824.930000001,346462.18000000005,5674267.290000001,408.0,632.0,2684.0499999999997,2627.0
13389,72785.0,345394.26,5676564.91,341856.635,5675321.49,582.0,612.0,5077.610000000001,4645.0
55706,77157.0,346829.68500000006,5680866.720000001,346713.595,5680464.705,78.0,99.0,618.61,632.0
58565,74017.0,344598.52,5682073.405,345850.105,5682900.61,194.0,246.0,1995.79,1962.0
95049,65177.0,344649.01,5677614.840000001,344336.77,5677187.505000001,160.0,661.0,1784.0600000000002,2779.0
264813,50311.0,351717.795,5644986.015000001,344189.53500000003,5683070.6,2983.0,2820.0,47931.460000000014,51213.0
128602,75075.0,345871.325,5677219.375,344892.83999999997,5676972.23,173.0,258.0,1396.6699999999998,1390.0
154420,50327.0,350090.76,5685154.48,342676.56000000006,5686087.635000001,962.0,861.0,8818.630000000001,8839.0
176745,21271.0,338828.39,5667920.83,345351.015,5676893.18,1579.0,1299.0,16213.890000000003,17590.0
240522,46809.0,339020.41500000004,5697810.970000001,344485.16500000004,5677027.325000001,2031.0,2183.0,32738.619999999995,37175.0
224197,36673.0,345974.995,5683659.09,347243.91500000004,5682543.9350000005,418.0,385.0,2929.67,2777.0
88023,63809.0,340835.865,5678316.07,338984.11,5677151.105,270.0,381.0,3013.56,2671.0
123769,72569.0,350572.11,5675810.885000001,353411.29000000004,5674356.960000001,482.0,534.0,4854.300000000001,4141.0
21933,49932.0,345394.65,5674966.775,344648.77,5674294.32,173.0,232.0,1423.3400000000001,1390.0
240004,66238.0,344669.06500000006,5673255.275,340238.69999999995,5699265.225000001,2725.0,2206.0,38622.11,53619.0
109866,61157.0,344357.385,5677544.640000001,350077.28,5671484.055000001,973.0,888.0,12116.4,12622.0
109232,82282.0,361448.26,5640607.880000001,350993.42500000005,5670344.285,2122.0,1918.0,36827.93999999998,42751.0
196748,55207.0,345262.945,5678477.620000001,344511.83999999997,5676655.955,607.0,573.0,4054.0800000000004,3949.0
67034,32888.0,356161.96499999997,5672151.065,345573.26,5679180.1,1413.0,1497.0,18336.280000000006,18703.0
239250,42626.0,351256.225,5670277.005000001,342405.59,5688202.11,2356.0,1966.0,23217.81000000001,26101.0
62343,71302.0,344763.22,5679612.5600000005,343917.24,5679981.890000001,143.0,212.0,1543.9999999999998,1625.0
193356,49142.0,345860.13,5679423.235,344336.77,5677187.505000001,338.0,964.0,3348.98,5706.0
21507,23180.0,346145.32,5673835.44,357576.25,5667275.590000001,1075.0,1254.0,20653.63,20234.0
243882,28989.0,345533.45,5692699.24,347268.66000000003,5673685.245000001,2077.0,1467.0,25874.379999999986,34942.0
201670,37725.0,344448.61,5682957.83,344210.355,5683059.025,188.0,223.0,984.51,1201.0
279827,47197.0,344618.93,5674047.960000001,344699.095,5677442.695,862.0,693.0,4488.869999999999,3932.0
228273,55372.0,347885.54500000004,5674496.040000001,356341.74,5725936.655000001,3103.0,3595.0,64813.61999999996,72865.0
272179,43944.0,363866.48,5657627.715000001,346942.58999999997,5678452.775,1972.0,2449.0,33282.66,35479.0
22884,58734.0,345950.55500000005,5684396.59,345961.03,5676297.445,1225.0,1260.0,11207.0,11541.0
227144,35732.0,356169.495,5710851.745,340443.52,5677998.045,1992.0,2473.0,50985.190000000024,52409.0
6476,70742.0,345750.58999999997,5676296.745,345297.16500000004,5675881.37,121.0,194.0,835.82,905.0
100677,29195.0,351809.52,5668587.78,356784.735,5664315.215,713.0,705.0,7590.649999999997,7475.0
70129,27306.0,344862.145,5678730.505000001,343143.375,5677967.67,287.0,436.0,3309.31,3449.0
190260,67819.0,378176.47000000003,5685292.105,345134.85000000003,5678531.890000001,2202.0,2224.0,42788.67999999999,43735.0
277679,46193.0,351825.78,5708694.755000001,344677.065,5677089.5,2027.0,2245.0,42747.93000000002,40700.0
52556,58318.0,342248.205,5678428.880000001,345463.825,5682286.035,719.0,731.0,7102.250000000003,7162.0
191512,30506.0,367457.695,5679863.84,344204.945,5674761.01,1818.0,1535.0,31632.340000000007,28321.0
238054,51254.0,348228.8,5678042.785,341005.965,5691393.760000001,1515.0,1418.0,20508.489999999994,25139.0
203654,64750.0,353174.405,5666127.19,382780.085,5707269.255000001,2651.0,3114.0,66991.74,66512.0
33216,35133.0,348831.955,5674610.94,346940.48,5678094.135,500.0,0.0,4587.97,0.0
248304,45357.0,330231.54500000004,5690130.74,344605.68000000005,5676647.6,1917.0,1845.0,24012.1,32943.0
35037,47528.0,351487.015,5670145.975000001,347970.755,5671284.715,478.0,588.0,4942.779999999999,5233.0
129609,51577.0,338949.775,5680211.305000001,342068.78500000003,5677961.590000001,417.0,757.0,4652.54,4776.0
61517,55762.0,348186.18,5681492.625,346515.49,5678936.535,379.0,508.0,3864.13,3815.0
224761,22563.0,349780.07,5703957.975000001,347407.77,5672741.325,2376.0,1961.0,47240.249999999985,46785.0
50028,67914.0,342901.905,5682150.220000001,344678.27,5680032.895,282.0,247.0,3381.3700000000003,3019.0
169848,72171.0,342440.69,5688096.4,336571.02,5676860.7700000005,1348.0,1440.0,18946.930000000008,19084.0
143475,67852.0,348664.82999999996,5671989.53,356480.36,5664620.970000001,859.0,1034.0,13747.029999999995,13782.0
92894,20828.0,348253.86,5671879.425000001,345584.225,5674234.45,658.0,691.0,5315.890000000001,4796.0
13899,74022.0,350437.53,5670680.870000001,343545.79500000004,5676177.960000001,843.0,889.0,12298.410000000003,13558.0
180409,68450.0,343126.33,5675978.1450000005,333366.79500000004,5663908.27,1213.0,1426.0,21121.859999999997,21045.0
217366,18665.0,354604.935,5701724.765000001,344559.875,5682842.59,2359.0,1329.0,24843.530000000002,32311.0
17535,42021.0,346437.58,5678891.4,344965.12,5674629.550000001,613.0,788.0,5663.63,5595.0
258659,45630.0,344039.77,5673176.915000001,346684.8,5654342.835000001,1156.0,1438.0,25804.850000000006,26064.0
199457,69309.0,360317.93500000006,5673301.41,352273.7,5674721.75,622.0,929.0,9938.520000000002,10414.0
186332,33477.0,331849.61,5675615.140000001,348156.015,5678715.59,1671.0,1534.0,21740.170000000002,22069.0
10726,27492.0,344133.03500000003,5675184.1450000005,341700.67500000005,5678812.415000001,626.0,646.0,6446.1500000000015,6791.0
136765,68303.0,363188.155,5672530.3100000005,344485.16500000004,5677027.325000001,1802.0,1715.0,24159.51,27331.0
216153,26068.0,353047.855,5700215.925000001,344807.76,5683566.925000001,1762.0,1456.0,24074.169999999995,22527.0
155770,59627.0,343646.69,5675757.755000001,349084.39,5686612.315,1654.0,1259.0,14776.420000000002,18713.0
271113,83043.0,344114.64,5682707.8100000005,362555.66000000003,5654629.36,1694.0,2019.0,47064.63999999998,47009.0
143548,57935.0,347109.735,5674283.735,357462.28500000003,5664751.700000001,1776.0,1131.0,17405.95,17980.0
169327,47384.0,342773.115,5671041.3100000005,345747.025,5676868.065,905.0,1012.0,9966.759999999998,9430.0
250672,63654.0,347498.26,5677188.265000001,325633.05500000005,5685898.535,1978.0,1982.0,28169.199999999986,35402.0
223421,64144.0,345564.86,5689092.205,351355.25,5703688.02,1230.0,1432.0,22249.940000000006,25348.0
122113,36909.0,344934.505,5683413.84,341093.23,5678972.595000001,870.0,1059.0,9155.370000000003,10446.0
244259,62228.0,344609.9,5679920.49,345939.41000000003,5678909.345000001,319.0,342.0,2490.7100000000005,2191.0
186758,58666.0,350993.42500000005,5670344.285,331509.425,5676719.115,1701.0,1721.0,28630.620000000006,28257.0
16929,77213.0,343090.53500000003,5678464.295,344863.58999999997,5674410.695,580.0,677.0,5971.34,5687.0
53750,25276.0,345498.80500000005,5682007.975000001,344703.22,5682503.595000001,129.0,215.0,1514.0400000000002,1539.0
53972,56474.0,376518.12,5705583.355,348450.53500000003,5680033.715,2104.0,2387.0,48259.940000000024,48768.0
47462,32816.0,345939.41000000003,5678909.345000001,345694.24,5677959.985,180.0,195.0,1556.4200000000003,1197.0
103110,55836.0,353484.21499999997,5667650.995000001,352875.015,5667700.24,165.0,159.0,1216.68,924.0
186494,46037.0,330426.77,5676892.555000001,345138.81,5676247.335000001,1056.0,1194.0,18333.57,22747.0
112496,72508.0,351193.67000000004,5671476.445,363623.505,5689572.055000001,1443.0,1686.0,34435.520000000004,34408.0
160796,46757.0,343646.69,5675757.755000001,342855.24,5676134.005000001,213.0,237.0,1473.24,1640.0
58304,33717.0,344822.56,5679735.9,346755.655,5683962.325,776.0,752.0,7245.66,8482.0
200428,26630.0,361255.17500000005,5662909.23,343990.21499999997,5676614.180000001,2234.0,2073.0,34597.97,34709.0
255040,61213.0,342533.58999999997,5676001.375,330622.94,5662899.780000001,1202.0,1527.0,25643.81000000001,26045.0
133791,28203.0,355786.38,5676363.3100000005,352000.935,5670527.575000001,764.0,867.0,12072.650000000003,11617.0
209505,39737.0,364549.31500000006,5701234.120000001,347342.45,5677466.460000001,1620.0,1872.0,34201.45000000001,34352.0
270427,71088.0,350897.46,5677527.4350000005,345825.335,5676867.75,709.0,887.0,6718.8099999999995,7106.0
8907,82259.0,345223.78,5674975.705,344039.995,5676081.83,274.0,363.0,2880.7399999999993,2795.0
185605,38826.0,342689.84,5677726.355,334657.95499999996,5676588.505000001,577.0,729.0,11705.18,11434.0
47435,35909.0,345852.7,5677879.015000001,333177.33499999996,5689979.99,1234.0,1412.0,20960.989999999994,22687.0
49085,81433.0,347130.395,5676571.510000001,345202.885,5680741.640000001,506.0,551.0,5585.5,5780.0
33212,73661.0,338073.09500000003,5673236.82,349387.83499999996,5674817.08,1099.0,1265.0,13137.750000000005,12980.0
269559,40899.0,348616.04000000004,5671034.21,344998.56,5677113.325000001,955.0,1024.0,9312.830000000002,9337.0
71964,25634.0,345936.83999999997,5679291.0,344860.655,5679334.18,196.0,180.0,1573.8999999999999,1391.0
126172,24969.0,350817.235,5680761.33,352913.935,5664717.5,1212.0,1482.0,27184.2,27278.0
72489,22514.0,345738.225,5679123.43,346440.655,5680325.130000001,191.0,257.0,1768.2900000000002,2163.0
161038,35384.0,343054.77,5678805.75,344699.095,5677442.695,393.0,435.0,3082.539999999999,3756.0
107678,21934.0,351142.41500000004,5670361.91,346510.67000000004,5684115.890000001,2500.0,1641.0,20327.820000000007,21978.0
237198,77900.0,343640.655,5675445.905,346970.985,5706706.745,1859.0,1906.0,36786.03999999997,37847.0
4615,40377.0,345364.125,5678936.700000001,345769.295,5679237.715,63.0,140.0,670.1499999999999,745.0
87996,23510.0,339307.11,5677763.165000001,365279.2,5678269.03,2170.0,1830.0,32493.050000000007,32427.0
2693,57122.0,347024.24,5673292.765000001,350158.77,5685024.67,1903.0,1561.0,18363.519999999993,26407.0
68532,70804.0,345510.23,5679455.255000001,344916.54500000004,5676705.0,411.0,457.0,3650.39,3645.0
40893,39609.0,347615.72,5677873.555000001,343598.2,5677628.575,694.0,781.0,5377.739999999999,5205.0
146555,23231.0,352966.48,5664848.275,353031.73,5667461.105,579.0,475.0,4631.160000000001,4394.0
228557,44078.0,350421.77,5671410.53,348705.475,5674817.7,597.0,573.0,5636.790000000001,4889.0
6756,71670.0,345785.63,5676649.870000001,346539.31,5677224.460000001,284.0,233.0,2814.4,1382.0
178944,67608.0,341700.33499999996,5679420.3100000005,330439.755,5663427.68,1556.0,1563.0,24309.61000000001,29970.0
24434,71747.0,352786.17000000004,5674920.605,346970.84,5676276.655,702.0,862.0,7628.0199999999995,7594.0
86160,18413.0,341718.465,5679233.495,344998.56,5677113.325000001,512.0,669.0,5570.639999999999,5481.0
136832,51205.0,352128.60000000003,5675050.445,352811.335,5674569.7700000005,142.0,142.0,1297.07,1235.0
243813,62048.0,344790.585,5677473.045,343392.70499999996,5676096.300000001,356.0,365.0,2867.0700000000006,3284.0
187880,32030.0,371281.65,5680543.290000001,350670.36,5675655.845000001,1469.0,1748.0,25423.45,27744.0
168856,58843.0,341852.87,5676659.065,336924.16500000004,5675678.695,1276.0,1306.0,10099.220000000003,12279.0
122009,56576.0,357240.265,5670420.83,347671.195,5678756.175000001,1423.0,1538.0,16149.000000000007,15744.0
88214,58675.0,343805.76,5680246.715,339526.075,5677999.005000001,680.0,751.0,8151.92,9183.0
117716,64828.0,348126.72,5678993.805000001,350949.315,5677142.865,571.0,427.0,4025.48,3787.0
269051,45552.0,344816.005,5674361.805000001,345242.04500000004,5676754.615,645.0,505.0,3441.2899999999995,3130.0
129814,67844.0,341716.80500000005,5675834.11,338611.385,5680183.9350000005,1120.0,981.0,10957.350000000002,11324.0
119454,55697.0,346611.11,5677215.33,347218.22,5677846.86,149.0,219.0,1575.68,1393.0
221964,53305.0,346196.48,5682157.845000001,360415.03500000003,5698760.0600000005,1451.0,1081.0,24144.05,23931.0
204470,61043.0,361448.26,5640607.880000001,345939.41000000003,5678909.345000001,2797.0,3086.0,49622.54000000002,62266.0
125648,54655.0,373972.52,5680729.54,352695.44,5674957.5,1462.0,1858.0,25353.000000000004,28035.0
247307,32450.0,324529.155,5704686.08,342218.43000000005,5679203.99,2193.0,2276.0,40241.200000000004,44018.0
274917,54413.0,345761.485,5676711.555000001,365452.265,5621271.245000001,3407.0,3773.0,66735.28999999995,71724.0
150911,36865.0,357821.85500000004,5679772.835000001,347960.705,5676035.665000001,1450.0,1420.0,14777.339999999998,14132.0
255339,54089.0,338462.82,5676771.23,339013.855,5677736.125,200.0,273.0,1843.39,2170.0
2446,70788.0,321397.55,5672828.595000001,346544.84,5677047.455,1700.0,1892.0,31896.590000000004,33915.0
230321,62478.0,344210.355,5683059.025,345953.065,5715701.4350000005,1913.0,2302.0,41669.46999999998,41592.0
130495,46795.0,345293.485,5677093.3100000005,340874.775,5687283.225000001,1312.0,1392.0,19109.150000000005,19193.0
259975,61373.0,358191.45999999996,5645378.77,345367.96,5676645.9,2016.0,2369.0,41403.64000000004,41296.0
176093,22045.0,341516.97,5668855.915000001,345785.63,5676649.870000001,1458.0,1105.0,12038.969999999996,12651.0
56492,69217.0,345104.82,5677017.91,346691.875,5678551.385,388.0,558.0,3201.2999999999993,3175.0
276525,32843.0,352610.585,5663614.94,353427.755,5666497.605,420.0,472.0,4744.579999999999,4361.0
150387,40165.0,346076.44,5680259.725000001,344744.55,5674670.870000001,871.0,833.0,7481.07,6871.0
25030,74265.0,346970.84,5676276.655,344937.1901324445,5676145.92931844,301.0,379.0,2729.5900000000006,2733.0
189278,64490.0,347414.61,5673699.09,345054.405,5675783.03,580.0,660.0,4751.4800000000005,4633.0
85926,48426.0,334171.025,5682446.49,343301.495,5680644.265000001,843.0,925.0,13923.480000000001,15242.0
192519,31097.0,372874.375,5671950.710000001,347868.08999999997,5681405.565,2659.0,2799.0,38554.53999999999,47411.0
221277,36876.0,339763.43,5677332.835000001,337522.62,5674925.745,372.0,523.0,4384.84,4694.0
276884,32675.0,353192.06,5676682.61,350048.85,5671296.725000001,832.0,1080.0,11545.839999999995,11390.0
219126,59057.0,345126.92500000005,5677944.050000001,351368.67500000005,5697621.6,1877.0,1680.0,26030.079999999994,24592.0
41729,66624.0,348643.42500000005,5677306.835000001,349212.91500000004,5677774.245000001,153.0,250.0,1243.97,1087.0
175558,55510.0,340517.5,5672446.200000001,347960.705,5676035.665000001,1240.0,1300.0,13561.01,11958.0
122816,30287.0,352167.01,5675333.175000001,347204.725,5673875.025,640.0,682.0,6859.0300000000025,11937.0
87074,41965.0,340417.45999999996,5677574.92,341064.41500000004,5678115.620000001,135.0,315.0,1217.95,1939.0
58297,25149.0,346621.68000000005,5683623.710000001,345682.1,5682243.305000001,367.0,357.0,3379.9500000000003,2837.0
74383,69593.0,344485.16500000004,5677027.325000001,345322.09,5677794.03,247.0,273.0,1838.5399999999997,1599.0
99079,36845.0,351396.935,5669577.085000001,351276.53500000003,5670187.6850000005,149.0,247.0,1278.88,1428.0
17033,21970.0,344714.815,5675130.725,354143.695,5670100.165000001,811.0,769.0,12483.01,13528.0
135011,41465.0,349032.05000000005,5675699.98,348422.83,5681697.195,867.0,975.0,8275.600000000002,9455.0
34676,77051.0,363089.93500000006,5682415.525,349280.55,5674786.165000001,1642.0,1776.0,19652.070000000003,21176.0
160037,62011.0,352688.56,5669098.665000001,321469.91000000003,5676012.99,2233.0,2413.0,42012.56999999999,43159.0
244520,35399.0,335502.485,5703316.800000001,345530.09500000003,5675521.855,1996.0,2182.0,40987.64000000002,40094.0
156121,77301.0,347528.075,5678372.245000001,351143.745,5684729.470000001,884.0,897.0,10227.400000000001,10254.0
185127,60441.0,346247.89,5676386.285,345141.0,5677365.955,610.0,480.0,3948.9,3240.0
123814,74108.0,356300.29000000004,5674345.615,353470.26,5674158.130000001,404.0,495.0,3529.5299999999997,4727.0
226052,71273.0,338497.33,5672912.325,344677.065,5677089.5,1007.0,910.0,10675.740000000002,12868.0
125503,71435.0,354787.33499999996,5672563.875,350597.15,5679387.42,1098.0,933.0,10594.030000000002,10216.0
4900,57676.0,341453.655,5679681.255000001,340556.275,5679013.630000001,212.0,287.0,1999.85,1883.0
136124,75473.0,352679.9,5674461.010000001,357198.79500000004,5675564.705,594.0,733.0,6269.78,7353.0
127540,23616.0,340051.02,5680677.9,339013.855,5677736.125,434.0,524.0,4557.23,4940.0
178693,31211.0,339013.855,5677736.125,339763.43,5677332.835000001,271.0,357.0,2873.33,2260.0
149693,77971.0,343143.375,5677967.67,358524.30500000005,5678917.550000001,1723.0,1536.0,18699.69,24458.0
180115,19563.0,334331.52,5665223.885,345384.18,5683687.27,2023.0,1719.0,27734.530000000002,35636.0
112356,51020.0,355741.16500000004,5671001.595000001,351488.45,5671496.4350000005,754.0,618.0,4835.210000000001,5351.0
267431,45596.0,354880.655,5665584.790000001,353503.08,5667343.605,217.0,229.0,2542.4699999999993,2536.0
252819,29083.0,334433.245,5688274.050000001,348003.49,5678846.44,1555.0,1700.0,20371.74000000001,20892.0
243710,79985.0,346328.80000000005,5675739.630000001,345506.89,5693742.49,1177.0,1369.0,22712.71,22815.0
109233,59478.0,375299.195,5707376.995000001,344606.74,5677493.225000001,2193.0,2533.0,50910.15000000003,49553.0
19707,34108.0,344674.9,5674765.53,334313.79500000004,5683072.745000001,1076.0,1153.0,18122.35,18088.0
248302,48540.0,353727.5,5669947.9,344204.945,5674761.01,917.0,823.0,13145.669999999996,12979.0
62934,67956.0,345602.57,5676724.515000001,343803.655,5680107.225000001,527.0,612.0,4180.070000000001,5205.0
273344,53142.0,344432.33,5682782.15,354540.815,5664665.0200000005,1927.0,1822.0,28245.529999999995,26466.0
88513,68562.0,358254.015,5703225.415000001,339752.5,5677912.665,2066.0,2209.0,38280.389999999985,39628.0
38498,52533.0,344321.17500000005,5700950.91,340570.65,5679301.380000001,1800.0,1806.0,30227.63,31965.0
270073,47747.0,342811.97,5676660.855,348660.77,5662722.995,2008.0,1707.0,20546.920000000002,20050.0
188432,43123.0,345069.10000000003,5678569.370000001,343126.33,5675978.1450000005,395.0,533.0,4712.990000000001,4532.0
122816,46583.0,347204.725,5673875.025,352167.01,5675333.175000001,763.0,766.0,7195.469999999998,6840.0
182130,31210.0,346312.605,5659524.26,346172.645,5678683.92,1979.0,1827.0,23460.090000000007,27977.0
253265,63675.0,340205.495,5678517.960000001,334571.265,5693811.32,1202.0,1342.0,28973.040000000005,24529.0
102712,69842.0,356910.435,5664678.100000001,353031.73,5667461.105,607.0,643.0,6308.39,6239.0
105946,54918.0,356946.57,5664198.32,351022.265,5670085.625,815.0,1072.0,9720.290000000003,10512.0
203114,37878.0,401420.625,5710206.75,346145.95499999996,5683883.790000001,3041.0,3388.0,70913.65000000005,73376.0
236095,61242.0,344332.12,5673640.33,340724.065,5702996.66,2535.0,2511.0,37994.09000000003,48239.0
29527,29466.0,349234.54000000004,5674228.850000001,349853.69,5679412.285,891.0,1077.0,8536.130000000001,8611.0
222943,79893.0,361652.315,5716436.27,344311.495,5682714.565,1848.0,2136.0,50691.03000000002,50196.0
206345,24171.0,380956.0,5709220.44,344967.29000000004,5678760.180000001,2851.0,2694.0,55315.39000000004,54151.0
172285,70273.0,338813.385,5673023.83,343559.185,5677767.5600000005,924.0,828.0,11152.710000000006,9627.0
61889,36240.0,344776.08,5677052.635,345511.51,5677323.125,186.0,262.0,1375.34,1916.0
138800,66850.0,346069.325,5681500.1850000005,350616.455,5671653.3100000005,1685.0,1461.0,13106.979999999998,12684.0
263100,60830.0,340746.69999999995,5678283.945,351987.91000000003,5654038.045,2816.0,2001.0,33655.37,41958.0
158333,35001.0,344293.53,5683126.625,351758.81500000006,5698073.74,1107.0,1234.0,19448.4,19597.0
105746,48830.0,354585.875,5665411.545,353754.815,5667156.75,240.0,260.0,2712.1399999999994,2432.0
159131,83217.0,344699.095,5677442.695,348363.49,5690570.640000001,937.0,1093.0,19586.42,18925.0
273564,64537.0,348067.985,5678533.210000001,370922.58499999996,5676488.325000001,2376.0,1910.0,28744.95999999998,29021.0
143249,37574.0,345670.445,5673158.845000001,345336.315,5675475.555000001,340.0,469.0,2864.5199999999995,3739.0
47023,64904.0,344475.635,5679945.140000001,347389.49,5679471.99,501.0,500.0,4342.099999999999,4889.0
114512,50952.0,342265.13,5676455.775,346203.07,5677201.875,833.0,933.0,7181.009999999999,6858.0
214774,53486.0,343476.44999999995,5681084.94,344488.465,5679642.9,148.0,169.0,2434.31,2407.0
167044,49467.0,346176.695,5677000.16,345315.125,5678247.245000001,336.0,242.0,1763.7999999999997,1636.0
108190,24544.0,352149.95499999996,5670343.885,344923.35,5678074.98,1858.0,1150.0,14959.970000000003,14261.0
255501,47715.0,344812.135,5675318.155,345981.11,5678284.9350000005,736.0,597.0,3929.6000000000004,3802.0
189528,47877.0,346567.995,5675858.915,341512.27,5678565.9350000005,701.0,778.0,7113.540000000001,7189.0
94824,50806.0,347644.78,5672716.28,367582.98,5678377.180000001,944.0,1293.0,24095.200000000004,23716.0
253420,65446.0,342350.695,5677839.51,337257.04500000004,5680988.835000001,842.0,0.0,6896.950000000002,0.0
118300,62595.0,349248.725,5677230.495000001,355788.77,5671508.335000001,1256.0,1234.0,10869.039999999999,11409.0
173092,21897.0,338420.91000000003,5671163.325000001,344244.995,5683011.1450000005,1663.0,1252.0,18457.09999999999,27548.0
11312,49446.0,344965.12,5674629.550000001,358909.965,5655617.52,1135.0,1337.0,28576.04000000001,28478.0
148615,30448.0,352764.94,5660455.445,348299.935,5678898.895,1988.0,1825.0,27470.250000000015,26728.0
39230,61463.0,355014.95,5643479.995,346591.08,5676054.950000001,1894.0,2203.0,40188.91000000002,39999.0
262021,66460.0,342995.895,5677593.915000001,357421.47,5648544.155,2292.0,2182.0,40639.41000000002,41479.0
195656,47176.0,345767.105,5678030.850000001,345808.28,5676958.32,218.0,213.0,1557.2099999999998,1429.0
129736,49980.0,338591.98,5680802.93,344725.36,5678214.34,908.0,1050.0,9942.16,10766.0
244878,69400.0,344511.83999999997,5676655.955,335373.95999999996,5702860.050000001,1679.0,0.0,37364.989999999976,0.0
177556,44651.0,343710.79000000004,5675262.225000001,344923.01,5675463.790000001,333.0,310.0,1611.3799999999999,1583.0
48325,72267.0,370210.355,5679644.015000001,347312.815,5674310.305000001,1202.0,1264.0,26568.510000000002,26532.0
149687,56825.0,357381.54500000004,5679094.535,345276.325,5676193.385,1596.0,1693.0,16961.019999999993,25243.0
158019,62591.0,343195.53,5682659.52,352719.53500000003,5687108.5200000005,1232.0,1158.0,13927.459999999995,15091.0
208327,25575.0,362139.075,5700786.715000001,344405.3150664292,5676401.857159144,2104.0,1711.0,36850.13999999999,36191.0
91118,78131.0,345728.04500000004,5679812.645,346391.70999999996,5671580.505000001,990.0,950.0,11810.539999999999,10113.0
109234,23242.0,350631.62,5670291.615,356461.485,5670962.865,604.0,641.0,6812.79,6679.0
30660,43407.0,349070.73,5674099.865,356584.25,5663451.960000001,839.0,998.0,16677.99,16764.0
220077,61946.0,343234.18000000005,5675833.215,371273.645,5718247.880000001,4038.0,3590.0,64748.45999999997,70662.0
198146,66259.0,346271.795,5672613.98,363370.255,5669998.970000001,1680.0,1790.0,23799.380000000005,28208.0
86773,70414.0,331911.18500000006,5686409.1,342721.23,5678119.460000001,1116.0,1037.0,19867.170000000006,20648.0
169218,36519.0,335691.62,5677749.970000001,345043.865,5677186.925000001,1101.0,1135.0,12603.560000000001,16222.0
123225,56168.0,355396.01,5670414.765000001,352644.565,5674864.015000001,779.0,782.0,6166.1900000000005,6587.0
59702,38231.0,344298.27,5674030.525,351425.28500000003,5690833.48,1471.0,1487.0,21498.919999999995,23257.0
175879,45427.0,348681.325,5671145.540000001,342210.935,5672022.905000001,662.0,787.0,11986.170000000004,11802.0
32492,40566.0,348422.83,5681697.195,345686.635,5681588.120000001,489.0,578.0,4430.299999999999,4733.0
47570,30380.0,345777.89,5679339.445,375921.32,5704843.315,1877.0,2292.0,47248.19999999995,45462.0
110462,36973.0,351032.44,5672619.33,351362.495,5650349.995,1254.0,1467.0,30463.130000000016,31095.0
210663,54597.0,360019.42,5700398.765000001,347387.965,5677820.69,1461.0,1650.0,30194.320000000007,29796.0
45373,20290.0,347755.06,5678782.195,357812.30000000005,5645840.0,2422.0,2398.0,40575.359999999986,42166.0
14991,65458.0,343718.76,5675078.375,345688.16500000004,5677190.3950000005,578.0,658.0,4103.6900000000005,4688.0
28772,35888.0,347170.68000000005,5676266.07,346861.31,5675986.3100000005,202.0,208.0,1216.2300000000002,1163.0
171014,59236.0,342773.57499999995,5677746.380000001,343126.33,5675978.1450000005,439.0,410.0,4230.830000000001,3756.0
127180,43772.0,341887.30000000005,5678928.5,339177.03500000003,5678844.1850000005,317.0,346.0,3692.21,3564.0
147278,42788.0,344720.875,5680503.015000001,352954.79500000004,5664455.970000001,1658.0,1665.0,22694.80000000001,22987.0
50137,45251.0,344710.18000000005,5681495.48,356495.845,5670569.33,1575.0,1855.0,19246.95000000001,19489.0
75927,68581.0,357856.42500000005,5664887.925000001,342203.845,5685655.9350000005,2100.0,1880.0,34636.39,39428.0
32492,64802.0,348784.6,5676715.475000001,347416.58,5677414.53,235.0,304.0,2249.6699999999996,1934.0
133214,69812.0,344121.885,5674260.880000001,353479.805,5677243.76,1238.0,1005.0,16391.190000000002,16674.0
180630,41609.0,330833.695,5657128.92,344357.385,5677544.640000001,1437.0,1814.0,32868.79,33749.0
165580,42211.0,346244.865,5682632.700000001,392975.845,5707934.49,2446.0,3090.0,64920.95000000005,66420.0
153694,20995.0,348673.48,5684476.425000001,345974.995,5683659.09,365.0,401.0,3481.8800000000006,3784.0
128458,81764.0,343473.895,5678589.475000001,339046.265,5679434.630000001,578.0,547.0,6784.77,6090.0
95528,44951.0,347258.375,5681321.915000001,348075.2,5684809.915000001,518.0,682.0,5966.67,6520.0
177441,20581.0,342243.555,5667867.815,349199.45999999996,5675286.535,1457.0,1301.0,14738.240000000002,17873.0
155860,40991.0,348333.53,5686505.455,345293.485,5677093.3100000005,1176.0,1114.0,13281.010000000004,12704.0
35940,72375.0,347363.565,5677604.450000001,346789.755,5676946.605,258.0,279.0,1717.62,1479.0
226753,52802.0,345328.95999999996,5677933.7700000005,356846.87,5643809.445,2230.0,2736.0,41662.41,42132.0
90217,45384.0,348217.045,5671241.055000001,351142.41500000004,5670361.91,419.0,392.0,4176.910000000001,4737.0
139679,59412.0,356274.385,5668192.210000001,351456.18000000005,5668658.315,957.0,917.0,7898.409999999998,7710.0
18960,31913.0,344070.12,5673598.91,321469.91000000003,5676012.99,1380.0,1868.0,33070.090000000004,35454.0
180056,57925.0,343961.225,5675674.535,336076.545,5667062.92,1072.0,1247.0,16354.88,16408.0
78589,51833.0,343258.32,5687340.815,342294.365,5685754.5200000005,237.0,315.0,2215.6400000000003,2870.0
114824,53625.0,350211.76,5670710.6,348143.205,5675341.470000001,898.0,814.0,9732.509999999998,9182.0
109520,42800.0,355350.35,5671476.1850000005,346296.595,5677275.155,1226.0,0.0,13803.949999999997,0.0
53103,28741.0,345850.105,5682900.61,352828.80000000005,5699500.48,1399.0,1360.0,20356.749999999993,20311.0
274117,43408.0,342600.12,5682907.635,400707.225,5644932.665000001,4580.0,4530.0,94899.29000000001,102278.0
106206,35448.0,353066.69,5666104.855,353130.85,5668470.65,367.0,373.0,3523.7499999999995,3088.0
256792,37754.0,325470.385,5688877.385,344303.54500000004,5674602.045,1641.0,1965.0,30672.53000000001,35137.0
95799,19810.0,347407.77,5672741.325,347528.075,5678372.245000001,757.0,776.0,6752.639999999999,6656.0
107164,21633.0,351348.72,5670814.925000001,336318.3,5670998.95,1269.0,1126.0,23341.930000000008,23697.0
147529,59100.0,347595.57,5676006.890000001,352817.13,5662129.2,1392.0,1245.0,19344.609999999997,20482.0
272956,39182.0,370980.76,5646816.325,347718.42000000004,5678620.105,2601.0,3082.0,51970.80999999997,53261.0
129625,46844.0,341898.85,5678386.925000001,338277.365,5680932.415000001,586.0,536.0,5442.8,5352.0
197938,58420.0,345692.79000000004,5677316.94,345334.315,5677005.45,187.0,191.0,998.1400000000001,946.0
112121,68468.0,345334.315,5677005.45,351187.575,5670450.860000001,1108.0,948.0,12878.070000000002,12588.0
201443,73004.0,340407.76,5677916.7700000005,379522.255,5673420.26,2845.0,2898.0,52045.860000000015,50974.0
110677,71849.0,350077.28,5671484.055000001,350133.1,5672445.82,219.0,211.0,2006.5100000000002,1610.0
139272,83109.0,352629.515,5674729.66,354644.075,5671734.41,473.0,577.0,5565.830000000002,5188.0
228020,38510.0,356584.33,5718685.265000001,341373.325,5678744.945,2301.0,2686.0,56067.090000000004,55329.0
161112,51756.0,347075.75,5674937.91,343427.03,5670214.355,734.0,817.0,10915.640000000003,10334.0
135425,51104.0,347222.825,5675896.815,354141.31,5674412.535,879.0,1237.0,9583.719999999998,10194.0
70386,46395.0,344404.38,5676990.5600000005,348821.42000000004,5675588.32,889.0,833.0,5774.19,5747.0
33662,63222.0,346902.185,5677762.73,348897.38,5674707.380000001,483.0,651.0,4865.620000000001,4583.0
146613,42362.0,345390.78500000003,5678155.67,344229.62,5679830.915000001,254.0,366.0,2456.6099999999997,2284.0
104535,56877.0,356784.735,5664315.215,344783.54000000004,5677434.4350000005,1530.0,1551.0,22679.049999999992,22455.0
140127,48761.0,346669.25,5679200.775,348488.435,5679090.040000001,300.0,323.0,2737.870000000001,2382.0
228264,45868.0,359394.13,5730640.0600000005,344737.85006630875,5676253.607159214,2768.0,3371.0,68868.28000000001,70174.0
98249,60692.0,347993.52,5672966.745,348434.195,5673319.105,129.0,100.0,1151.8,817.0
41667,62935.0,347112.9,5677787.670000001,348854.39,5677935.1,483.0,409.0,3421.8399999999997,3172.0
249781,45198.0,342855.24,5676134.005000001,342033.96,5675217.375,201.0,274.0,1618.1999999999998,1685.0
182106,53446.0,345377.09,5674137.07,350538.44,5668971.370000001,994.0,965.0,11933.569999999998,14550.0
264891,40115.0,347205.92000000004,5679875.620000001,334046.87,5648082.755000001,3299.0,2674.0,49802.840000000004,51940.0
85199,49984.0,344874.70999999996,5677047.57,345506.70999999996,5677676.945,290.0,260.0,1956.1,1767.0
91505,44376.0,348416.01,5678569.78,348048.85,5671059.6850000005,1385.0,1261.0,10385.97,11753.0
121137,53417.0,346962.41000000003,5677196.925000001,348009.925,5673410.73,773.0,728.0,5494.039999999999,4978.0
108541,68307.0,417103.32,5588015.375,347170.68000000005,5676266.07,4612.0,5106.0,135679.47999999998,132741.0
148563,52274.0,353224.095,5666139.555,351958.24,5660328.945,687.0,757.0,7397.779999999999,7360.0
204505,58848.0,348328.58999999997,5681829.470000001,381320.015,5711378.970000001,2784.0,3456.0,57436.88,59605.0
22792,72242.0,345975.65,5676818.2,345947.835,5677327.710000001,60.0,130.0,681.69,639.0
44957,55068.0,345242.04500000004,5676754.615,346908.42500000005,5677512.355,211.0,410.0,2411.3900000000003,2690.0
274002,74620.0,350079.855,5671846.890000001,398386.445,5653850.805000001,2653.0,3250.0,79429.32999999997,80966.0
226898,62053.0,361866.6,5707278.505000001,347344.395,5680403.725000001,1887.0,2077.0,36450.08000000003,36936.0
251883,35837.0,344469.85,5676740.74,334550.10000000003,5677898.365,856.0,0.0,14547.229999999992,0.0
39123,27841.0,346805.18500000006,5677457.1,342011.46499999997,5685531.035,900.0,1112.0,11172.989999999996,11326.0
68532,28043.0,347174.32999999996,5676866.325000001,346587.04000000004,5676324.525,333.0,176.0,1202.56,1210.0
82255,50120.0,343170.275,5677586.9350000005,355124.66000000003,5644155.795,1867.0,2309.0,39955.59000000001,40172.0
127009,55209.0,345341.79500000004,5676210.055,347170.68000000005,5676266.07,391.0,419.0,2925.9099999999994,2317.0
243838,64825.0,345283.18000000005,5693496.915000001,346007.905,5688878.725000001,492.0,653.0,5781.409999999999,5711.0
112197,68772.0,348637.88,5685005.895,351373.935,5671609.73,1306.0,1491.0,26612.249999999993,27259.0
187388,28364.0,318848.59,5682367.6450000005,346246.695,5682674.5600000005,1494.0,1761.0,33627.85,35204.0
52144,46624.0,359882.44,5702625.260000001,345242.695,5679866.755000001,1459.0,1799.0,31825.959999999995,32332.0
255928,43064.0,344453.4,5675611.640000001,343852.16500000004,5676284.995,168.0,219.0,1297.6699999999998,1411.0
69029,60264.0,338422.855,5672842.195,343336.265,5675807.32,534.0,667.0,9441.240000000002,9497.0
154223,66215.0,344624.175,5682257.91,348249.87,5685071.68,552.0,872.0,8133.249999999999,7226.0
110934,35854.0,346345.185,5672522.105,346541.48,5699729.605,2198.0,2014.0,34159.110000000015,33869.0
53883,30481.0,345752.885,5678498.585000001,346530.62,5679199.3950000005,136.0,230.0,1592.34,1859.0
39794,71472.0,340559.825,5678105.375,347283.45999999996,5677787.700000001,909.0,918.0,8533.410000000002,7614.0
87767,24151.0,342430.19,5677813.405,348022.38,5670656.1,911.0,862.0,11193.419999999998,11069.0
69232,55157.0,321917.4,5674497.18,344970.905,5679340.36,1327.0,1573.0,28584.690000000013,31038.0
118091,67833.0,350899.18500000006,5678431.540000001,355915.25,5670164.860000001,1149.0,1267.0,12000.560000000003,14063.0
243311,32697.0,346100.25,5690491.955,347243.91500000004,5682543.9350000005,876.0,799.0,11331.52,16306.0
11860,19014.0,344102.33,5675992.755000001,345394.26,5676564.91,222.0,313.0,2079.72,2047.0
117754,58602.0,350948.825,5677014.680000001,349766.495,5677500.545,225.0,272.0,1835.8999999999996,2232.0
109646,33317.0,350318.425,5671336.355,344822.275,5674155.425000001,601.0,645.0,7789.349999999999,8567.0
79177,59455.0,345208.865,5688726.9,345673.6,5694692.91,578.0,659.0,8535.79,10125.0
120722,30918.0,345900.905,5676790.41,345379.985,5674368.7700000005,438.0,532.0,3989.7499999999995,3855.0
52822,67914.0,345429.385,5682200.41,345603.81500000006,5682012.130000001,55.0,52.0,471.56,364.0
134203,38594.0,354497.365,5676788.18,345866.53,5676113.045,1221.0,1164.0,10001.560000000001,9952.0
245524,19390.0,333546.505,5706506.235,340843.98,5679349.0600000005,1969.0,1764.0,35172.6,37211.0
87293,36370.0,345462.715,5679520.335000001,345098.02,5679073.715,83.0,144.0,815.0,755.0
126310,51913.0,351716.635,5681775.925000001,348065.105,5680195.950000001,933.0,865.0,8749.470000000003,8488.0
114824,52437.0,350960.28,5676921.805000001,350211.76,5670710.6,844.0,1108.0,9778.64,11586.0
102976,55350.0,347652.14,5676756.725000001,353464.735,5666698.215000001,1597.0,1210.0,13792.229999999998,13995.0
115892,19131.0,350030.76,5677985.205,373749.43500000006,5678539.32,2129.0,1750.0,29658.849999999988,31481.0
51316,49869.0,347509.235,5681717.390000001,347053.76,5680804.985,142.0,209.0,1152.55,1257.0
214409,44509.0,365534.79500000004,5705428.795,344666.855,5676897.025,2052.0,2303.0,39532.99000000002,39555.0
220536,61508.0,349187.80500000005,5678732.485000001,390069.045,5720943.09,4039.0,4282.0,75404.66999999997,78840.0
109551,70382.0,355480.45,5671005.705,352697.105,5669734.600000001,502.0,365.0,3883.56,3635.0
252991,39113.0,353689.87,5654544.620000001,343092.05000000005,5677690.18,1764.0,2029.0,32228.889999999992,38201.0
266302,41318.0,355963.41500000004,5641148.32,347772.65,5676772.785,2142.0,2771.0,44270.000000000044,45440.0
258108,67421.0,342849.85,5678580.095000001,347283.45999999996,5677787.700000001,828.0,745.0,8401.779999999999,8008.0
259749,30112.0,342712.76,5632822.24,344638.99506635126,5676329.862159191,2841.0,2823.0,54102.11000000001,54370.0
17835,67562.0,343351.22,5676024.48,341827.005,5678562.380000001,440.0,431.0,6067.09,5072.0
101902,61081.0,371390.68,5677709.715,351874.225,5668514.295,1397.0,1617.0,30424.86999999999,31789.0
192301,50965.0,369774.125,5674646.73,348227.315,5678656.19,2001.0,2122.0,31396.510000000002,31156.0
132124,76368.0,344511.62,5675531.07,333618.76,5681767.345000001,803.0,970.0,16628.410000000007,16551.0
125503,44699.0,350597.15,5679387.42,354787.33499999996,5672563.875,763.0,996.0,9929.119999999999,10216.0
246880,74636.0,344163.14,5679730.075000001,337667.695,5713253.08,2031.0,2169.0,45985.71,46002.0
78514,64138.0,344405.3150664292,5676401.857159144,343192.45499999996,5687623.2,1361.0,1189.0,16827.700000000008,13820.0
144732,77581.0,347546.555,5672731.4,355203.205,5670721.1450000005,1031.0,841.0,10041.400000000001,11353.0
168198,39603.0,345615.905,5678241.950000001,344722.015,5677235.08,337.0,327.0,1876.08,1844.0
218429,30309.0,351804.215,5699365.6450000005,350926.4,5672261.45,1824.0,1967.0,37299.75999999998,36408.0
209507,84147.0,343439.82,5677677.8100000005,365008.02,5700057.355,1686.0,1852.0,37483.549999999996,36606.0
244067,31452.0,345951.355,5693387.525,345868.315,5689271.07,600.0,694.0,5989.119999999999,5688.0
104535,30741.0,352762.005,5668877.365,356784.735,5664315.215,742.0,675.0,7811.489999999997,6796.0
118558,19505.0,350834.96499999997,5678106.430000001,338920.69,5674209.16,1281.0,1341.0,14695.729999999992,14643.0
56736,76634.0,341081.79500000004,5685571.74,345760.215,5676993.670000001,1300.0,1450.0,18262.94,19848.0
200159,52981.0,347672.97,5672964.700000001,360086.66000000003,5662370.75,1178.0,1191.0,23126.139999999996,25762.0
55311,51014.0,334592.17500000005,5702562.345000001,346928.925,5681290.6850000005,1617.0,1965.0,35155.909999999996,35198.0
31041,66963.0,344752.76,5678566.23,349038.67000000004,5674817.005000001,830.0,812.0,6938.209999999999,6962.0
33257,34292.0,345773.815,5673838.66,346116.835,5674089.375,310.0,295.0,1711.03,1716.0
86521,29068.0,342773.43,5678634.86,353030.065,5645967.6450000005,2083.0,2405.0,39408.47000000001,40120.0
248446,47555.0,345981.11,5678284.9350000005,338098.11,5681206.345000001,1019.0,1226.0,10725.250000000005,11897.0
157469,55011.0,346799.33999999997,5680045.3100000005,355477.74,5670304.65,1824.0,1551.0,16383.199999999999,15996.0
214354,39682.0,345079.895,5676963.075,344713.885,5676811.0,73.0,104.0,595.71,529.0
164885,23522.0,327842.43000000005,5672549.625,346709.71,5676915.525,1876.0,1585.0,28359.520000000004,24988.0
264749,50420.0,350570.175,5649270.140000001,345200.11,5677356.19,1510.0,1883.0,33946.409999999996,33667.0
170049,51613.0,337772.88,5677377.115,340370.055,5678268.370000001,713.0,571.0,7874.14,4697.0
277511,39442.0,355937.3,5650035.36,344503.95999999996,5679924.48,1759.0,2205.0,41490.02000000002,41374.0
167652,50475.0,338848.315,5677508.58,343425.455,5678816.255000001,466.0,548.0,5990.46,6026.0
159371,27977.0,349045.975,5690116.260000001,345756.525,5689360.285,414.0,454.0,5056.3,4459.0
10434,30754.0,343126.33,5675978.1450000005,342708.56500000006,5685195.9,840.0,997.0,11391.930000000002,11208.0
74132,42718.0,345187.05500000005,5677996.025,340481.08,5679299.335000001,863.0,759.0,6591.079999999999,6236.0
61669,79781.0,345113.42000000004,5682728.84,348874.625,5682658.210000001,536.0,607.0,5337.45,5589.0
116055,36378.0,350612.80500000005,5678592.41,347481.965,5676324.695,550.0,622.0,4886.92,4796.0
123073,34119.0,344102.33,5675992.755000001,344982.66500000004,5675283.33,289.0,264.0,1553.79,1533.0
43370,52030.0,340963.065,5679135.26,341898.85,5678386.925000001,177.0,220.0,1498.24,1484.0
177391,49132.0,346466.21499999997,5680096.930000001,342195.06500000006,5667729.210000001,1598.0,1860.0,21425.99999999999,19370.0
67261,43676.0,347227.48,5676856.110000001,346533.80000000005,5676210.005000001,163.0,300.0,1233.19,1771.0
219442,33119.0,342082.505,5679076.565,361260.465,5699823.86,1438.0,1601.0,32084.479999999992,32118.0
103511,48508.0,353341.33999999997,5667725.460000001,352311.45999999996,5661909.5600000005,653.0,735.0,7764.479999999998,11547.0
64235,29513.0,345069.10000000003,5678569.370000001,340901.195,5669552.925000001,1008.0,1224.0,15087.69,15193.0
133397,70000.0,353141.17000000004,5676810.68,350376.855,5672668.85,858.0,734.0,8275.92,9592.0
220082,60889.0,342028.97000000003,5679547.5600000005,371469.88,5718851.675000001,3876.0,3480.0,58840.60999999996,68675.0
246061,48825.0,346680.28,5676244.53,340651.985,5701875.165000001,2194.0,2288.0,39346.85,38904.0
276824,20513.0,374019.44,5625963.7700000005,340737.81500000006,5679279.67,3672.0,3405.0,76046.32999999999,76259.0
204499,74927.0,342390.945,5683646.915000001,361208.70999999996,5713208.095000001,1855.0,2046.0,45551.76,47696.0
211725,63146.0,360641.015,5655123.700000001,351998.135,5670613.385000001,1194.0,1323.0,23716.51,23782.0
114463,48139.0,342579.57,5678992.74,348388.995,5677546.73,857.0,840.0,8465.850000000004,8509.0
134343,35105.0,353642.085,5675969.930000001,344374.465,5674424.735,839.0,878.0,14585.870000000003,14563.0
56189,54599.0,345689.18000000005,5679025.350000001,347390.765,5680187.065,367.0,436.0,2781.9399999999996,2936.0
185169,41577.0,361724.35,5703384.99,346377.235,5680987.325000001,1527.0,1643.0,31003.050000000003,32724.0
87062,35887.0,343181.47,5679096.04,344037.68000000005,5675448.015000001,497.0,549.0,5534.8099999999995,5227.0
72845,64025.0,356695.56,5644628.465000001,345462.185,5679220.880000001,2274.0,2511.0,44402.89000000001,47638.0
69187,62363.0,342071.23,5684897.215,344986.29500000004,5678033.460000001,690.0,706.0,8596.710000000005,8250.0
148070,20239.0,352982.86,5661674.040000001,343545.79500000004,5676177.960000001,2239.0,1354.0,24742.390000000003,26049.0
117936,35778.0,349370.05500000005,5676284.58,348187.80500000005,5678147.465000001,518.0,631.0,4670.46,4685.0
273243,25027.0,368379.465,5651910.595000001,344677.065,5677089.5,3320.0,2836.0,44822.18,45701.0
96869,73811.0,357828.995,5700721.710000001,347902.18,5673360.890000001,2147.0,2111.0,36567.27000000001,45332.0
170775,73798.0,345450.53,5680104.49,345562.66500000004,5680008.115,57.0,59.0,401.89,326.0
33643,57083.0,341881.66500000004,5678706.51,348531.53,5674824.28,1099.0,1140.0,8949.53,9319.0
195769,46574.0,345043.865,5677186.925000001,340675.495,5679490.4350000005,697.0,649.0,5866.589999999999,6953.0
50518,67339.0,344609.9,5679920.49,344391.965,5682097.59,422.0,395.0,3015.1899999999996,3802.0
213357,30472.0,368875.45,5700167.49,345230.21499999997,5677284.08,2569.0,2457.0,42305.190000000024,40530.0
256441,67364.0,349842.625,5678577.18,324161.66000000003,5697574.335000001,2695.0,2328.0,41156.76999999999,45730.0
30783,59652.0,348862.575,5674418.75,348774.21499999997,5673515.960000001,349.0,215.0,1785.67,1408.0
194735,63559.0,347963.39,5678305.75,357105.385,5690309.365,2191.0,1844.0,22813.610000000004,20392.0
215259,50957.0,345705.875,5675009.795,346591.08,5676054.950000001,308.0,261.0,2094.4900000000002,1889.0
117694,78013.0,360521.91000000003,5672903.12,350678.645,5676963.16,825.0,972.0,13712.86,13610.0
88005,40414.0,340817.395,5678896.625,342248.205,5678428.880000001,261.0,248.0,2052.1,1812.0
251046,43860.0,340932.32,5678315.1850000005,328987.43000000005,5681741.460000001,806.0,766.0,14287.780000000004,14425.0
186151,39338.0,338258.54000000004,5674560.69,342362.79000000004,5678073.385000001,675.0,801.0,7912.849999999997,7871.0
173524,76755.0,344883.575,5676385.300000001,339536.15,5670361.505000001,1075.0,1170.0,15254.64,15105.0
61669,76327.0,348438.08499999996,5682063.065,345113.42000000004,5682728.84,451.0,475.0,4373.499999999999,4374.0
157452,71761.0,346145.91500000004,5683579.255000001,349710.065,5684025.640000001,491.0,486.0,4958.950000000001,4519.0
142980,67571.0,345392.705,5677306.545,355818.205,5665115.41,1481.0,1328.0,19923.319999999996,20504.0
251953,34326.0,331566.45,5686335.045000001,346901.57999999996,5676536.640000001,1716.0,1722.0,22051.08000000001,25780.0
238103,45669.0,350010.85,5684681.5600000005,342652.435,5676073.59,1486.0,1527.0,13740.140000000003,14402.0
186956,72657.0,345894.33499999996,5676993.745000001,333903.485,5677908.8100000005,1000.0,1099.0,15732.229999999994,15700.0
86806,25967.0,344366.55500000005,5683225.0600000005,344807.76,5683566.925000001,417.0,271.0,3211.09,1572.0
74477,63331.0,351943.54000000004,5669544.615,345450.38,5677932.630000001,1277.0,1074.0,15491.71,14082.0
253791,57255.0,346054.775,5677516.3950000005,346387.51,5680092.605,638.0,409.0,3872.9900000000002,3467.0
51309,67077.0,345322.09,5677794.03,346047.91000000003,5682826.865,875.0,666.0,6939.140000000001,6688.0
145757,60691.0,353503.275,5666258.295,353105.765,5665401.155,399.0,465.0,3265.449999999999,3182.0
253885,18797.0,325849.96,5696258.700000001,341373.17,5679309.73,2786.0,2038.0,25963.10999999999,44272.0
148458,52492.0,351357.08499999996,5669834.6850000005,351876.515,5661158.9350000005,663.0,799.0,12355.020000000002,12112.0
127685,77422.0,347378.015,5673362.44,338391.23,5679367.065,1029.0,1188.0,12356.039999999999,12550.0
183874,66301.0,350919.115,5668365.825,344674.845,5666488.0200000005,1774.0,1350.0,20086.16,20195.0
60533,51091.0,344863.44006625144,5676056.417159218,347051.885,5677833.125,466.0,635.0,3382.6400000000003,3989.0
256642,62361.0,344323.30500000005,5675806.630000001,326604.5,5697460.995000001,2231.0,2335.0,42238.39999999999,47326.0
133032,54431.0,336839.98,5683679.265000001,342699.83499999996,5677785.745,936.0,1030.0,10464.22,9775.0
280797,56599.0,408683.685,5710312.37,345141.0,5677365.955,3482.0,4178.0,83860.38999999998,85365.0
49633,25327.0,344059.97,5682158.550000001,345177.6,5682554.04,115.0,145.0,1237.3099999999997,1387.0
188509,63673.0,344623.815,5676984.135,370854.41000000003,5682941.0200000005,1786.0,2148.0,35002.83000000001,36485.0
189272,62827.0,351017.41500000004,5678714.135000001,371075.78500000003,5679051.5200000005,1852.0,2071.0,27978.110000000004,28043.0
232413,54088.0,344462.83506644575,5675976.5321592875,344900.475,5676473.625,128.0,209.0,1091.2,994.0
80752,46732.0,342972.775,5687799.525,375550.82,5718920.2,2252.0,2969.0,61445.850000000006,61188.0
85638,31994.0,341804.245,5679142.65,360073.47500000003,5698761.6850000005,1599.0,1695.0,32865.65,32816.0
77769,60856.0,344975.235,5682539.285,343177.78500000003,5687396.1850000005,942.0,880.0,12487.52,10154.0
74316,24399.0,345022.68500000006,5678116.710000001,339413.07,5697782.505000001,1699.0,1796.0,30755.25,32227.0
76818,71473.0,345615.66000000003,5679078.8100000005,343256.15,5685505.195,827.0,807.0,9158.849999999999,9670.0
188236,45452.0,371734.99,5681655.08,345394.26,5676564.91,1501.0,1664.0,32805.69000000001,32854.0
187494,62368.0,319327.49,5679657.540000001,345652.54500000004,5676371.32,1163.0,1576.0,30755.96,31146.0
149864,64906.0,342474.455,5688021.470000001,357943.11,5679055.845000001,1740.0,1537.0,23154.990000000005,28929.0
98504,23195.0,348009.925,5673410.73,353856.375,5676854.475000001,722.0,824.0,8408.209999999995,8463.0
42002,49172.0,342503.8,5683128.94,341548.655,5681287.53,518.0,497.0,6127.21,4618.0
31507,54122.0,374736.68000000005,5680875.065,349106.345,5674277.995000001,1455.0,1871.0,31724.85000000001,32023.0
197435,60682.0,365409.18,5674014.92,349277.225,5674084.525,1021.0,1041.0,18236.83,18195.0
186838,19574.0,343317.80500000005,5678140.965,356405.505,5646281.91,1757.0,2034.0,40468.61000000002,40421.0
145138,38569.0,355722.625,5664492.425000001,350827.81,5670481.885,693.0,760.0,10003.529999999997,8698.0
70452,50652.0,346715.68000000005,5672933.19,345040.095,5678207.970000001,1183.0,935.0,8196.820000000002,7351.0
230331,70570.0,343671.87,5676365.155000001,352575.45,5668983.595000001,863.0,849.0,14334.980000000001,14431.0
94601,56105.0,345985.2,5677452.795,345939.41000000003,5678909.345000001,330.0,357.0,2144.7799999999997,2529.0
69187,65908.0,345379.265,5678569.9,345351.52,5679480.0200000005,217.0,262.0,1520.4399999999998,1458.0
272210,48096.0,346902.185,5677762.73,359259.95499999996,5659243.16,1454.0,1942.0,27519.92000000001,28203.0
50973,65962.0,351214.54000000004,5670079.07,344677.29500000004,5682616.295,1601.0,1573.0,16687.51,19520.0
145003,20402.0,356969.33,5663726.705,346030.30000000005,5673970.0600000005,1636.0,1209.0,19598.47,20636.0
37435,58720.0,339415.585,5679028.695,346858.27,5679452.040000001,795.0,785.0,9570.070000000002,9587.0
78823,71921.0,343134.28500000003,5694865.655,346239.75,5689678.835000001,634.0,748.0,7628.28,9548.0
247408,24509.0,321533.66000000003,5713425.275,347848.895,5682187.01,3048.0,2716.0,57797.63,58350.0
137481,35447.0,356494.95,5675474.225000001,351070.775,5670494.5,726.0,954.0,12103.360000000004,11968.0
107450,26058.0,340963.065,5679135.26,341453.655,5679681.255000001,163.0,174.0,1236.25,1080.0
27798,63673.0,373790.385,5673422.23,351129.77,5670541.540000001,1772.0,2054.0,33375.56999999999,33626.0
269648,66037.0,344781.94999999995,5675792.110000001,366317.905,5638313.925000001,2205.0,2324.0,52366.91000000001,51177.0
6756,51659.0,344897.29000000004,5675339.795,347414.26,5675271.9350000005,645.0,593.0,4544.759999999999,4876.0
83873,24280.0,343685.16500000004,5678093.035,346062.605,5677634.205,502.0,0.0,3621.7699999999995,0.0
17088,48262.0,344204.945,5674761.01,360720.98,5672958.035,926.0,1092.0,18477.09000000001,18463.0
67510,83947.0,345844.44,5676925.675000001,345526.725,5678372.75,315.0,292.0,2115.45,2158.0
156590,12425.0,351180.38,5685309.835000001,348438.08499999996,5682063.065,476.0,494.0,5141.7300000000005,5084.0
1509,69161.0,346410.765,5677481.595000001,345939.13,5677033.07,100.0,160.0,952.56,804.0
193757,65179.0,344201.29000000004,5683197.94,358448.91000000003,5687637.885,1195.0,1272.0,19718.780000000002,19451.0
176264,22590.0,341265.92500000005,5669725.835000001,342528.49,5679413.275,1339.0,1192.0,14804.299999999997,22710.0
238099,83095.0,345432.54500000004,5680396.83,341631.16500000004,5712520.065,1763.0,1873.0,39969.159999999996,39936.0
137272,38706.0,359067.525,5674778.515000001,344790.395,5677617.49,1418.0,1434.0,19800.530000000006,19645.0
82682,52735.0,346437.655,5678357.76,345956.03,5677870.595000001,192.0,377.0,1396.12,2424.0
271522,71234.0,348683.36,5674964.2,365039.16500000004,5657601.615,1814.0,1940.0,30113.71000000001,29905.0
43854,80519.0,346570.68000000005,5677953.415000001,347360.515,5677181.7,155.0,374.0,1533.2299999999998,2383.0
223340,47747.0,345866.235,5684031.130000001,343786.35,5698527.765000001,1219.0,1326.0,20787.569999999996,20698.0
122070,54433.0,345430.355,5675864.485,350022.065,5675258.3950000005,742.0,884.0,5597.3200000000015,6956.0
231541,21416.0,344225.68,5700201.5600000005,345932.4,5674021.875,2892.0,1924.0,31780.979999999978,31062.0
7315,78348.0,345292.325,5680876.7700000005,344718.24,5675880.605,561.0,707.0,6315.61,6793.0
65588,32347.0,345303.185,5679643.130000001,330100.905,5688210.305,1047.0,1336.0,22551.469999999998,22514.0
61422,25235.0,347062.025,5681473.095000001,360977.525,5698530.655,1140.0,1192.0,26042.289999999997,25776.0
122132,42250.0,357148.76,5674875.475,350153.795,5675363.4,787.0,953.0,9524.910000000002,9620.0
7501,51280.0,351462.33499999996,5670366.985,343427.03,5670214.355,757.0,811.0,14180.420000000006,13610.0
67488,60834.0,339167.515,5679611.970000001,345693.76,5679974.43,631.0,656.0,8812.04,8561.0
57541,36540.0,345497.94,5683792.69,345700.02,5682790.86,234.0,262.0,2463.2,1904.0
181717,41751.0,346339.075,5662768.45,345824.685,5676148.86,755.0,1061.0,16608.480000000003,16975.0
62009,48152.0,347656.05500000005,5670772.495000001,344727.84506630874,5676060.167159214,634.0,648.0,6934.8099999999995,6961.0
92894,23934.0,345584.225,5674234.45,345680.36,5677482.83,768.0,555.0,5264.639999999999,4689.0
119535,47552.0,345321.06000000006,5676127.28,350738.85000000003,5678804.355,884.0,1035.0,7702.86,7970.0
19739,63694.0,340909.43000000005,5677768.105,345175.04,5673734.845000001,1144.0,979.0,7967.039999999999,7851.0
237567,38377.0,344265.46499999997,5682858.67,365658.41500000004,5634920.49,2578.0,3039.0,64306.42000000001,66144.0
184055,65449.0,339303.29000000004,5677521.42,344511.83999999997,5676655.955,431.0,474.0,6695.790000000001,6845.0
97669,77897.0,348697.23,5671639.335000001,348137.82,5672045.62,104.0,108.0,933.2300000000002,788.0
280555,69490.0,345553.385,5676151.23,418202.94,5725759.4,4308.0,4566.0,103774.73000000001,106660.0
187138,66208.0,340683.475,5677938.465,337532.555,5656238.930000001,2117.0,1954.0,27149.40999999999,40575.0
216804,23532.0,356059.74,5700106.155000001,344819.365,5682504.45,1689.0,1304.0,26750.04999999999,26971.0
